province_code,slug,name,kind,address_line_1,address_line_2,town,county,postcode,country,telephone,email,website_url,source_url,ugle_url
hampshire_iow,,Aldershot Masonic Hall,hall,Aldershot Masonic Hall,Edward Street,Aldershot,,GU11 3DR,England,,,,https://www.ugle.org.uk/become-freemason/join-freemasonry/register-your-interest/provincial-grand-lodge-hampshire-and-isle-wight-aldershot-masonic-hall-edward-street,https://www.ugle.org.uk/become-freemason/join-freemasonry/register-your-interest/provincial-grand-lodge-hampshire-and-isle-wight-aldershot-masonic-hall-edward-street
hampshire_iow,,Alton Masonic Temple,hall,Alton Masonic Temple,Market Street,Alton,,GU34 1HA,England,,,,https://www.ugle.org.uk/become-freemason/join-freemasonry/register-your-interest/provincial-grand-lodge-hampshire-and-isle-wight-alton-masonic-temple-market-street,https://www.ugle.org.uk/become-freemason/join-freemasonry/register-your-interest/provincial-grand-lodge-hampshire-and-isle-wight-alton-masonic-temple-market-street
hampshire_iow,,Andover Masonic Hall,hall,Andover Masonic Hall,East Street,Andover,,SP10 1EP,England,,,,https://www.ugle.org.uk/become-freemason/join-freemasonry/register-your-interest/provincial-grand-lodge-hampshire-and-isle-wight-andover-masonic-hall-east-street,https://www.ugle.org.uk/become-freemason/join-freemasonry/register-your-interest/provincial-grand-lodge-hampshire-and-isle-wight-andover-masonic-hall-east-street
hampshire_iow,,Basingstoke Masonic Hall,hall,Basingstoke Masonic Hall,Victoria Street,Basingstoke,,RG21 3BT,England,,,,https://www.ugle.org.uk/become-freemason/join-freemasonry/register-your-interest/provincial-grand-lodge-hampshire-and-isle-wight-basingstoke-masonic-hall-victoria-street,https://www.ugle.org.uk/become-freemason/join-freemasonry/register-your-interest/provincial-grand-lodge-hampshire-and-isle-wight-basingstoke-masonic-hall-victoria-street
hampshire_iow,,Bordon Masonic Centre,hall,Bordon Masonic Centre,High Street,Bordon,,GU35 0AX,England,,,,https://www.ugle.org.uk/become-freemason/join-freemasonry/register-your-interest/provincial-grand-lodge-hampshire-and-isle-wight-bordon-masonic-centre-high-street,https://www.ugle.org.uk/become-freemason/join-freemasonry/register-your-interest/provincial-grand-lodge-hampshire-and-isle-wight-bordon-masonic-centre-high-street
hampshire_iow,,"Botley Masonic Centre, Southampton",hall,Botley Masonic Centre,Brook House,Southampton,,SO30 2ER,England,,,,https://www.ugle.org.uk/become-freemason/join-freemasonry/register-your-interest/provincial-grand-lodge-hampshire-and-isle-wight-botley-masonic-centre-brook-house,https://www.ugle.org.uk/become-freemason/join-freemasonry/register-your-interest/provincial-grand-lodge-hampshire-and-isle-wight-botley-masonic-centre-brook-house
hampshire_iow,,Bournemouth Freemasons' Hall,hall,Bournemouth Freemasons' Hall,Knole Road,Bournemouth,,BH1 4DH,England,,,,https://www.ugle.org.uk/become-freemason/join-freemasonry/register-your-interest/provincial-grand-lodge-hampshire-and-isle-wight-bournemouth-freemasons-hall-knole-road,https://www.ugle.org.uk/become-freemason/join-freemasonry/register-your-interest/provincial-grand-lodge-hampshire-and-isle-wight-bournemouth-freemasons-hall-knole-road
hampshire_iow,,Brockenhurst Masonic Hall,hall,Brockenhurst Masonic Hall,Grigg Lane,Brockenhurst,,SO42 7PG,England,,,,https://www.ugle.org.uk/become-freemason/join-freemasonry/register-your-interest/provincial-grand-lodge-hampshire-and-isle-wight-brockenhurst-masonic-hall-grigg-lane,https://www.ugle.org.uk/become-freemason/join-freemasonry/register-your-interest/provincial-grand-lodge-hampshire-and-isle-wight-brockenhurst-masonic-hall-grigg-lane
hampshire_iow,,Christchurch Masonic Hall,hall,Christchurch Masonic Hall,Warren Avenue,Christchurch,,BH23 3JY,England,,,,https://www.ugle.org.uk/become-freemason/join-freemasonry/register-your-interest/provincial-grand-lodge-hampshire-and-isle-wight-christchurch-masonic-hall-warren-avenue,https://www.ugle.org.uk/become-freemason/join-freemasonry/register-your-interest/provincial-grand-lodge-hampshire-and-isle-wight-christchurch-masonic-hall-warren-avenue
hampshire_iow,,Cowes Masonic Hall,hall,Cowes Masonic Hall,26 Castle Road,Cowes,,PO31 7QZ,England,,,,https://www.ugle.org.uk/become-freemason/join-freemasonry/register-your-interest/provincial-grand-lodge-hampshire-and-isle-wight-cowes-masonic-hall-26-castle-road,https://www.ugle.org.uk/become-freemason/join-freemasonry/register-your-interest/provincial-grand-lodge-hampshire-and-isle-wight-cowes-masonic-hall-26-castle-road
hampshire_iow,,East Cowes Masonic Hall,hall,East Cowes Masonic Hall,Osborne Road,East Cowes,,PO32 6RY,England,,,,https://www.ugle.org.uk/become-freemason/join-freemasonry/register-your-interest/provincial-grand-lodge-hampshire-and-isle-wight-east-cowes-masonic-hall-osborne-road,https://www.ugle.org.uk/become-freemason/join-freemasonry/register-your-interest/provincial-grand-lodge-hampshire-and-isle-wight-east-cowes-masonic-hall-osborne-road
hampshire_iow,,Eastleigh Masonic Hall,hall,Eastleigh Masonic Hall,2 Cranbury Road,Eastleigh,,SO50 5HA,England,,,,https://www.ugle.org.uk/become-freemason/join-freemasonry/register-your-interest/provincial-grand-lodge-hampshire-and-isle-wight-eastleigh-masonic-hall-2-cranbury-road,https://www.ugle.org.uk/become-freemason/join-freemasonry/register-your-interest/provincial-grand-lodge-hampshire-and-isle-wight-eastleigh-masonic-hall-2-cranbury-road
hampshire_iow,,Fareham Masonic Hall,hall,Fareham Masonic Hall,34 Queens Road,Fareham,,PO16 0NN,England,,,,https://www.ugle.org.uk/become-freemason/join-freemasonry/register-your-interest/provincial-grand-lodge-hampshire-and-isle-wight-fareham-masonic-hall-34-queens-road,https://www.ugle.org.uk/become-freemason/join-freemasonry/register-your-interest/provincial-grand-lodge-hampshire-and-isle-wight-fareham-masonic-hall-34-queens-road
hampshire_iow,,Farnborough Masonic Hall,hall,Farnborough Masonic Hall,37 Alexandra Road,Farnborough,,GU14 6BS,England,,,,https://www.ugle.org.uk/become-freemason/join-freemasonry/register-your-interest/provincial-grand-lodge-hampshire-and-isle-wight-farnborough-masonic-hall-37-alexandra-road,https://www.ugle.org.uk/become-freemason/join-freemasonry/register-your-interest/provincial-grand-lodge-hampshire-and-isle-wight-farnborough-masonic-hall-37-alexandra-road
hampshire_iow,,Gosport Masonic Hall,hall,Gosport Masonic Hall,5 Clarence Road,Gosport,,PO12 1BB,England,,,,https://www.ugle.org.uk/become-freemason/join-freemasonry/register-your-interest/provincial-grand-lodge-hampshire-and-isle-wight-gosport-masonic-hall-5-clarence-road,https://www.ugle.org.uk/become-freemason/join-freemasonry/register-your-interest/provincial-grand-lodge-hampshire-and-isle-wight-gosport-masonic-hall-5-clarence-road
hampshire_iow,,Havant Masonic Hall,hall,Havant Masonic Hall,Waterloo Road,Havant,,PO9 1BH,England,,,,https://www.ugle.org.uk/become-freemason/join-freemasonry/register-your-interest/provincial-grand-lodge-hampshire-and-isle-wight-havant-masonic-hall-waterloo-road,https://www.ugle.org.uk/become-freemason/join-freemasonry/register-your-interest/provincial-grand-lodge-hampshire-and-isle-wight-havant-masonic-hall-waterloo-road
hampshire_iow,,"Horndean Masonic Hall, Waterlooville",hall,Horndean Masonic Hall,19a Five Heads Road,Waterlooville,,PO8 9NW,England,,,,https://www.ugle.org.uk/become-freemason/join-freemasonry/register-your-interest/provincial-grand-lodge-hampshire-and-isle-wight-horndean-masonic-hall-19a-five-heads-road,https://www.ugle.org.uk/become-freemason/join-freemasonry/register-your-interest/provincial-grand-lodge-hampshire-and-isle-wight-horndean-masonic-hall-19a-five-heads-road
hampshire_iow,,"Hursley Masonic Hall, Winchester",hall,Hursley Masonic Hall,Main Road,Winchester,,SO21 2JY,England,,,,https://www.ugle.org.uk/become-freemason/join-freemasonry/register-your-interest/provincial-grand-lodge-hampshire-and-isle-wight-hursley-masonic-hall-main-road,https://www.ugle.org.uk/become-freemason/join-freemasonry/register-your-interest/provincial-grand-lodge-hampshire-and-isle-wight-hursley-masonic-hall-main-road
hampshire_iow,,"King's Court Masonic Centre, Eastleigh",hall,King's Court Masonic Centre,Winchester Road,Eastleigh,,SO53 2GG,England,,,,https://www.ugle.org.uk/become-freemason/join-freemasonry/register-your-interest/provincial-grand-lodge-hampshire-and-isle-wight-kings-court-masonic-centre-winchester-road,https://www.ugle.org.uk/become-freemason/join-freemasonry/register-your-interest/provincial-grand-lodge-hampshire-and-isle-wight-kings-court-masonic-centre-winchester-road
hampshire_iow,,Lymington Masonic Hall,hall,Lymington Masonic Hall,10 High Street,Lymington,,SO41 9AA,England,,,,https://www.ugle.org.uk/become-freemason/join-freemasonry/register-your-interest/provincial-grand-lodge-hampshire-and-isle-wight-lymington-masonic-hall-10-high-street,https://www.ugle.org.uk/become-freemason/join-freemasonry/register-your-interest/provincial-grand-lodge-hampshire-and-isle-wight-lymington-masonic-hall-10-high-street
hampshire_iow,,New Milton Masonic Hall,hall,New Milton Masonic Hall,Arnewood Health Centre (rear of),New Milton,,BH25 5JP,England,,,,https://www.ugle.org.uk/become-freemason/join-freemasonry/register-your-interest/provincial-grand-lodge-hampshire-and-isle-wight-new-milton-masonic-hall-arnewood-health-centre-rear,https://www.ugle.org.uk/become-freemason/join-freemasonry/register-your-interest/provincial-grand-lodge-hampshire-and-isle-wight-new-milton-masonic-hall-arnewood-health-centre-rear
hampshire_iow,,Newport Masonic Hall,hall,Newport Masonic Hall,31 Lugley Street,Newport,,PO30 5ET,England,,,,https://www.ugle.org.uk/become-freemason/join-freemasonry/register-your-interest/provincial-grand-lodge-hampshire-and-isle-wight-newport-masonic-hall-31-lugley-street,https://www.ugle.org.uk/become-freemason/join-freemasonry/register-your-interest/provincial-grand-lodge-hampshire-and-isle-wight-newport-masonic-hall-31-lugley-street
hampshire_iow,,Petersfield Masonic Hall,hall,Petersfield Masonic Hall,Windsor Road,Petersfield,,GU32 3ER,England,,,,https://www.ugle.org.uk/become-freemason/join-freemasonry/register-your-interest/provincial-grand-lodge-hampshire-and-isle-wight-petersfield-masonic-hall-windsor-road,https://www.ugle.org.uk/become-freemason/join-freemasonry/register-your-interest/provincial-grand-lodge-hampshire-and-isle-wight-petersfield-masonic-hall-windsor-road
hampshire_iow,,"Phoenix Rooms, Portsmouth",other,Phoenix Rooms,110 High Street,Portsmouth,,PO1 2HJ,England,,,,https://www.ugle.org.uk/become-freemason/join-freemasonry/register-your-interest/provincial-grand-lodge-hampshire-and-isle-wight-phoenix-rooms-110-high-street,https://www.ugle.org.uk/become-freemason/join-freemasonry/register-your-interest/provincial-grand-lodge-hampshire-and-isle-wight-phoenix-rooms-110-high-street
hampshire_iow,,Port Solent Yacht Club,club,Port Solent Yacht Club,Port House,Port Solent,,PO6 4TJ,England,,,,https://www.ugle.org.uk/become-freemason/join-freemasonry/register-your-interest/provincial-grand-lodge-hampshire-and-isle-wight-port-solent-yacht-club-port-house,https://www.ugle.org.uk/become-freemason/join-freemasonry/register-your-interest/provincial-grand-lodge-hampshire-and-isle-wight-port-solent-yacht-club-port-house
hampshire_iow,,"Portsdown Masonic Hall, Portsmouth",hall,Portsdown Masonic Hall,Albert Road,Portsmouth,,PO6 3DD,England,,,,https://www.ugle.org.uk/become-freemason/join-freemasonry/register-your-interest/provincial-grand-lodge-hampshire-and-isle-wight-portsdown-masonic-hall-albert-road,https://www.ugle.org.uk/become-freemason/join-freemasonry/register-your-interest/provincial-grand-lodge-hampshire-and-isle-wight-portsdown-masonic-hall-albert-road
hampshire_iow,,Ringwood Masonic Centre,hall,Ringwood Masonic Centre,Unity Hall,Ringwood,,BH24 1HY,England,,,,https://www.ugle.org.uk/become-freemason/join-freemasonry/register-your-interest/provincial-grand-lodge-hampshire-and-isle-wight-ringwood-masonic-centre-unity-hall,https://www.ugle.org.uk/become-freemason/join-freemasonry/register-your-interest/provincial-grand-lodge-hampshire-and-isle-wight-ringwood-masonic-centre-unity-hall
hampshire_iow,,"Royal Naval and Royal Albert Yacht Club, Portsmouth",club,Royal Naval and Royal Albert Yacht Club,17 Pembroke Road,Portsmouth,,PO1 2NT,England,,,,https://www.ugle.org.uk/become-freemason/join-freemasonry/register-your-interest/provincial-grand-lodge-hampshire-and-isle-wight-royal-naval-and-royal-albert-yacht-club-17-pembroke-road,https://www.ugle.org.uk/become-freemason/join-freemasonry/register-your-interest/provincial-grand-lodge-hampshire-and-isle-wight-royal-naval-and-royal-albert-yacht-club-17-pembroke-road
hampshire_iow,,Ryde Masonic Hall,hall,Ryde Masonic Hall,9 John Street,Ryde,,PO33 2PY,England,,,,https://www.ugle.org.uk/become-freemason/join-freemasonry/register-your-interest/provincial-grand-lodge-hampshire-and-isle-wight-ryde-masonic-hall-9-john-street,https://www.ugle.org.uk/become-freemason/join-freemasonry/register-your-interest/provincial-grand-lodge-hampshire-and-isle-wight-ryde-masonic-hall-9-john-street
hampshire_iow,,Sandown Masonic Centre,hall,Sandown Masonic Centre,13 Melville Street,Sandown,,PO36 8LF,England,,,,https://www.ugle.org.uk/become-freemason/join-freemasonry/register-your-interest/provincial-grand-lodge-hampshire-and-isle-wight-sandown-masonic-centre-13-melville-street,https://www.ugle.org.uk/become-freemason/join-freemasonry/register-your-interest/provincial-grand-lodge-hampshire-and-isle-wight-sandown-masonic-centre-13-melville-street
hampshire_iow,,Seaview Masonic Hall,hall,Seaview Masonic Hall,Fairy Road,Seaview,,PO34 5HF,England,,,,https://www.ugle.org.uk/become-freemason/join-freemasonry/register-your-interest/provincial-grand-lodge-hampshire-and-isle-wight-seaview-masonic-hall-fairy-road,https://www.ugle.org.uk/become-freemason/join-freemasonry/register-your-interest/provincial-grand-lodge-hampshire-and-isle-wight-seaview-masonic-hall-fairy-road
hampshire_iow,,Shanklin Masonic Hall,hall,Shanklin Masonic Hall,14 East Cliff Road,Shanklin,,PO37 6AA,England,,,,https://www.ugle.org.uk/become-freemason/join-freemasonry/register-your-interest/provincial-grand-lodge-hampshire-and-isle-wight-shanklin-masonic-hall-14-east-cliff-road,https://www.ugle.org.uk/become-freemason/join-freemasonry/register-your-interest/provincial-grand-lodge-hampshire-and-isle-wight-shanklin-masonic-hall-14-east-cliff-road
hampshire_iow,,Southampton Masonic Hall,hall,Southampton Masonic Hall,Albion Place,Southampton,,SO14 2DD,England,,,,https://www.ugle.org.uk/become-freemason/join-freemasonry/register-your-interest/provincial-grand-lodge-hampshire-and-isle-wight-southampton-masonic-hall-albion-place,https://www.ugle.org.uk/become-freemason/join-freemasonry/register-your-interest/provincial-grand-lodge-hampshire-and-isle-wight-southampton-masonic-hall-albion-place
hampshire_iow,,"The Purbrook Centre, Waterlooville",other,The Purbrook Centre,Stakes Road,Waterlooville,,PO7 5LX,England,,,,https://www.ugle.org.uk/become-freemason/join-freemasonry/register-your-interest/provincial-grand-lodge-hampshire-and-isle-wight-purbrook-centre-stakes-road,https://www.ugle.org.uk/become-freemason/join-freemasonry/register-your-interest/provincial-grand-lodge-hampshire-and-isle-wight-purbrook-centre-stakes-road
hampshire_iow,,"Totton Masonic Hall, Southampton",hall,Totton Masonic Hall,Lexby Road,Southampton,,SO40 9HD,England,,,,https://www.ugle.org.uk/become-freemason/join-freemasonry/register-your-interest/provincial-grand-lodge-hampshire-and-isle-wight-totton-masonic-hall-lexby-road,https://www.ugle.org.uk/become-freemason/join-freemasonry/register-your-interest/provincial-grand-lodge-hampshire-and-isle-wight-totton-masonic-hall-lexby-road
hampshire_iow,,Ventnor Masonic Hall,hall,Ventnor Masonic Hall,Grove Road,Ventnor,,PO38 1TH,England,,,,https://www.ugle.org.uk/become-freemason/join-freemasonry/register-your-interest/provincial-grand-lodge-hampshire-and-isle-wight-ventnor-masonic-hall-grove-road,https://www.ugle.org.uk/become-freemason/join-freemasonry/register-your-interest/provincial-grand-lodge-hampshire-and-isle-wight-ventnor-masonic-hall-grove-road
hampshire_iow,,Winchester Masonic Centre,hall,Winchester Masonic Centre,124 Alresford Road,Winchester,,SO21 1HB,England,,,,https://www.ugle.org.uk/become-freemason/join-freemasonry/register-your-interest/provincial-grand-lodge-hampshire-and-isle-wight-winchester-masonic-centre-124-alresford-road,https://www.ugle.org.uk/become-freemason/join-freemasonry/register-your-interest/provincial-grand-lodge-hampshire-and-isle-wight-winchester-masonic-centre-124-alresford-road
hampshire_iow,,"Woolston Masonic Hall, Southampton",hall,Woolston Masonic Hall,Manor Road South,Southampton,,SO19 2DS,England,,,,https://www.ugle.org.uk/become-freemason/join-freemasonry/register-your-interest/provincial-grand-lodge-hampshire-and-isle-wight-woolston-masonic-hall-manor-road-south,https://www.ugle.org.uk/become-freemason/join-freemasonry/register-your-interest/provincial-grand-lodge-hampshire-and-isle-wight-woolston-masonic-hall-manor-road-south
