province_code,order,number,name,hall_postcode,hall_town,meets_text,installation_text,source_url,directory_url
west_wales,craft_lodge,366,St. David’s,SA73 3JN,,"first Tuesday of every month, except July and August (Installation March)",,https://www.westwalesfreemasons.org/general-information/craft-lodge-details/,
west_wales,craft_lodge,378,Loyal Welsh,,Pembroke Dock,"2nd Wednesday in February (Installation), 2nd Tuesday in other months, except January, July & August.",,https://www.westwalesfreemasons.org/general-information/craft-lodge-details/,
west_wales,craft_lodge,464,Cambrian,SA67 7DR,,"Third Wednesday in the month except July, August & September.",,https://www.westwalesfreemasons.org/general-information/craft-lodge-details/,
west_wales,craft_lodge,476,St. Peter’s,,Carmarthen,third Tuesday in the month,,https://www.westwalesfreemasons.org/general-information/craft-lodge-details/,
west_wales,craft_lodge,671,Prince of Wales,SA15 3LF,,"2nd Monday September (Installation), October, November, January, February, March, April and 3rd Monday May.",,https://www.westwalesfreemasons.org/general-information/craft-lodge-details/,
west_wales,craft_lodge,990,Neyland,SA73 1PX,,"2nd Thursday in each month except June, July and August (Installation December)",,https://www.westwalesfreemasons.org/general-information/craft-lodge-details/,
west_wales,craft_lodge,1072,Aberystwyth,SY23 1DL,,"1st Thursday in January, February, March, April, May, October and November. 1st Friday December (Installation)",,https://www.westwalesfreemasons.org/general-information/craft-lodge-details/,
west_wales,craft_lodge,1177,Tenby,SA70 7DG,,"last Monday, each month except June, July and August, third Monday December (Installation January)",,https://www.westwalesfreemasons.org/general-information/craft-lodge-details/,
west_wales,craft_lodge,1748,Castlemartin,,Pembroke Dock,"2nd Tuesday January then 1st Tuesday in each month except July, August and Nov. Installation 1st Wednesday in Nov.",,https://www.westwalesfreemasons.org/general-information/craft-lodge-details/,
west_wales,craft_lodge,1839,Installation February. Date of Warrant:,,Carmarthen,third Tuesday in the month,,https://www.westwalesfreemasons.org/general-information/craft-lodge-details/,
west_wales,craft_lodge,1883,Date of Warrant:,SA15 3LF,,"2nd Friday in March (Installation), 4th Friday in June and the 2nd Friday in September.",,https://www.westwalesfreemasons.org/general-information/craft-lodge-details/,
west_wales,craft_lodge,1919,"Installation October, Date of Warrant:",SA73 3JN,,"3rd Tuesday in the month, except July & August.",,https://www.westwalesfreemasons.org/general-information/craft-lodge-details/,
west_wales,craft_lodge,1921,Date of Warrant:,,Cardigan,2nd Thursday in the month except June to August,,https://www.westwalesfreemasons.org/general-information/craft-lodge-details/,
west_wales,craft_lodge,1924,Installation October Date of Warrant:,SA48 7HG,,3rd Thursday in the month from September to May except 4th Thursday in October (Installation March),,https://www.westwalesfreemasons.org/general-information/craft-lodge-details/,
west_wales,craft_lodge,1948,Date of Warrant:,,Aberaeron,"last Tuesday in September (Installation). 4th Thursday in November, January, February, March and April.",,https://www.westwalesfreemasons.org/general-information/craft-lodge-details/,
west_wales,craft_lodge,2001,Narberth,SA67 7DR,,1st Friday of each month except July & August (Installation January),,https://www.westwalesfreemasons.org/general-information/craft-lodge-details/,
west_wales,craft_lodge,3667,Kensington,SA15 3LF,,"2nd Friday in March (Installation), 4th Friday in June and the 2nd Friday in September.",,https://www.westwalesfreemasons.org/general-information/craft-lodge-details/,
west_wales,craft_lodge,3942,St. Elli,SA15 3LF,,3rd Wednesday of the month except June to September,,https://www.westwalesfreemasons.org/general-information/craft-lodge-details/,
west_wales,craft_lodge,4331,Old Priory,SA73 3JN,,"3rd Tuesday in the month, except July & August.",,https://www.westwalesfreemasons.org/general-information/craft-lodge-details/,
west_wales,craft_lodge,4351,Strumble,SA65 9DP,,"2nd Wednesday, except July and August. (Installation October)",,https://www.westwalesfreemasons.org/general-information/craft-lodge-details/,
west_wales,craft_lodge,4648,Teifi,,Cardigan,2nd Thursday in the month except June to August,,https://www.westwalesfreemasons.org/general-information/craft-lodge-details/,
west_wales,craft_lodge,4713,Peterwell,SA48 7HG,,3rd Thursday in the month from September to May except 4th Thursday in October (Installation March),,https://www.westwalesfreemasons.org/general-information/craft-lodge-details/,
west_wales,craft_lodge,4928,Caerfyrddin,,Carmarthen,"1st Thursday in January, March, May and October (Installation), and 4th Thursday in November",,https://www.westwalesfreemasons.org/general-information/craft-lodge-details/,
west_wales,craft_lodge,5472,Saint Padarn,SY23 1DL,,"3rd Thursday in January, February, April, May, October (Installation) and November, 3rd Wednesday March.",,https://www.westwalesfreemasons.org/general-information/craft-lodge-details/,
west_wales,craft_lodge,6709,Unity,SA15 3LF,,last Tuesday in November (Installation) and 1st Tuesday Jan to June.,,https://www.westwalesfreemasons.org/general-information/craft-lodge-details/,
west_wales,craft_lodge,7208,Aeron,,Aberaeron,"last Tuesday in September (Installation). 4th Thursday in November, January, February, March and April.",,https://www.westwalesfreemasons.org/general-information/craft-lodge-details/,
west_wales,craft_lodge,8427,Frenni,,Cardigan,"1st Tuesday in October, November, February, March, May May (Installation)",,https://www.westwalesfreemasons.org/general-information/craft-lodge-details/,
west_wales,craft_lodge,8466,Trevor Kelway,SA15 3LF,,1st Thursday January to June inclusive. 2nd Thursday November (Installation November),,https://www.westwalesfreemasons.org/general-information/craft-lodge-details/,
west_wales,craft_lodge,9426,Peter Drewett Daylight Lodge of Progress,SA67 7DR,,"Last Saturday morning in February, 3rd Saturday morning in June (Installation) and Third Saturday morning in September.",,https://www.westwalesfreemasons.org/general-information/craft-lodge-details/,
west_wales,craft_lodge,9767,Richard Warburton,SA65 9DP,,"1st Wednesday in September, 2nd Friday in November, 3rd Monday in February and 2nd Monday in June (Installation).",,https://www.westwalesfreemasons.org/general-information/craft-lodge-details/,
west_wales,craft_lodge,10018,Cyfrinfa y Tair Sir,SA48 7HG,,"3rd Monday in October, 2nd Friday in January, 3rd Monday in April (Installation) and 4th Monday in June.",,https://www.westwalesfreemasons.org/general-information/craft-lodge-details/,
west_wales,craft_lodge,10023,West Wales Motorcycle Lodge,,Pembroke Dock,"1st Saturday in September, November (Installation), April and June.",,https://www.westwalesfreemasons.org/general-information/craft-lodge-details/,
west_wales,royal_arch,366,Kensington Chapter,SA73 3JN,,"2nd Tuesday February, April (Installation) and December, 4th Wednesday October.",,https://www.westwalesfreemasons.org/general-information/royal-arch-chapter-details/,
west_wales,royal_arch,378,Loyal Welsh Chapter,,Pembroke Dock,"3rd Monday in March, May, September and November (Installtion)",,https://www.westwalesfreemasons.org/general-information/royal-arch-chapter-details/,
west_wales,royal_arch,464,Hwlffordd Chapter,SA67 7DR,,"1st Monday in October, December (Installation), February and April",,https://www.westwalesfreemasons.org/general-information/royal-arch-chapter-details/,
west_wales,royal_arch,476,Merlin Chapter,,Carmarthen,"4th Tuesday in January, March (Installation), September and November.",,https://www.westwalesfreemasons.org/general-information/royal-arch-chapter-details/,
west_wales,royal_arch,671,St Elliw Chapter,SA15 3LF,,"4th Monday in January, March, September (Installation) and November.",,https://www.westwalesfreemasons.org/general-information/royal-arch-chapter-details/,
west_wales,royal_arch,1072,Ystwyth Chapter,SY23 1DL,,"2nd Thursday in January, March (Installation) and November.",,https://www.westwalesfreemasons.org/general-information/royal-arch-chapter-details/,
west_wales,royal_arch,1177,Dinbych Chapter,SA70 7DG,,"3rd Wednesday in February & November, and first Wednesday in April (Installation) and October",,https://www.westwalesfreemasons.org/general-information/royal-arch-chapter-details/,
west_wales,royal_arch,1876,Date of Charter: Chapter,,Carmarthen,"4th Tuesday in January, March (Installation), September and November.",,https://www.westwalesfreemasons.org/general-information/royal-arch-chapter-details/,
west_wales,royal_arch,1894,Date of Charter: Chapter,SA67 7DR,,"1st Monday in October, December (Installation), February and April",,https://www.westwalesfreemasons.org/general-information/royal-arch-chapter-details/,
west_wales,royal_arch,1927,Date of Charter: Chapter,,Spilman Street,"last Tuesday in October, January (Installation) and April",,https://www.westwalesfreemasons.org/general-information/royal-arch-chapter-details/,
west_wales,royal_arch,1929,Date of Charter: Chapter,SA70 7DG,,"3rd Wednesday in February & November, and first Wednesday in April (Installation) and October",,https://www.westwalesfreemasons.org/general-information/royal-arch-chapter-details/,
west_wales,royal_arch,1962,Date of Charter: Chapter,SA15 3LF,,"2nd Tuesday October (Installation), February, and May",,https://www.westwalesfreemasons.org/general-information/royal-arch-chapter-details/,
west_wales,royal_arch,1972,Date of Charter: Chapter,SA46 0JG,,"4th Friday in October (Installation), 1st Wednesday in March and the 4th Thursday in May,",,https://www.westwalesfreemasons.org/general-information/royal-arch-chapter-details/,
west_wales,royal_arch,2001,Arberth Chapter,SA67 7DR,,"Last Wednesday in February, May, September and November (Installation)",,https://www.westwalesfreemasons.org/general-information/royal-arch-chapter-details/,
west_wales,royal_arch,3152,Abergwaun Chapter,SA65 9DP,,"4th Wednesday in January (Installation), March, May and September.",,https://www.westwalesfreemasons.org/general-information/royal-arch-chapter-details/,
west_wales,royal_arch,3667,West Wales CHapter of Installed Principals Chapter,,Spilman Street,"last Tuesday in October, January (Installation) and April",,https://www.westwalesfreemasons.org/general-information/royal-arch-chapter-details/,
west_wales,royal_arch,4648,Teifi Chapter,,Cardigan,"last Friday in January (Installation), May, September and November.",,https://www.westwalesfreemasons.org/general-information/royal-arch-chapter-details/,
west_wales,royal_arch,6709,Unity Chapter,SA15 3LF,,"2nd Tuesday October (Installation), February, and May",,https://www.westwalesfreemasons.org/general-information/royal-arch-chapter-details/,
west_wales,royal_arch,7208,Aeron & Peterwell Chapter,SA46 0JG,,"4th Friday in October (Installation), 1st Wednesday in March and the 4th Thursday in May,",,https://www.westwalesfreemasons.org/general-information/royal-arch-chapter-details/,
